[
  {
    "id": "news_0",
    "headline": "Heavy Rains Disrupt Supply Routes in Mumbai",
    "body": "Continuous rainfall has caused roadblocks leading to shipment delays across distribution centers in Mumbai.",
    "region": "Navi Mumbai",
    "timestamp": "2025-11-04T11:49:37.961759Z",
    "impact_level": "Low",
    "related_carrier": "EcomExpress",
    "related_location": "Retail_Delhi",
    "related_sku": "PROD_B200"
  },
  {
    "id": "news_1",
    "headline": "Truck Drivers Strike Impacts Deliveries in Delhi NCR",
    "body": "A section of truck drivers halted services demanding fuel subsidies, delaying last-mile delivery for retail outlets.",
    "region": "Delhi",
    "timestamp": "2025-11-06T14:49:37.961792Z",
    "impact_level": "Medium",
    "related_carrier": "Safexpress",
    "related_location": "WH_Bangalore",
    "related_sku": "PROD_A100"
  },
  {
    "id": "news_2",
    "headline": "Port Congestion at Navi Mumbai Slows Exports",
    "body": "Container movement at the Port of Navi Mumbai has been slowed due to backlog and labor shortages.",
    "region": "Mumbai",
    "timestamp": "2025-11-06T22:49:37.961826Z",
    "impact_level": "Low",
    "related_carrier": "Safexpress",
    "related_location": "DC_Mumbai",
    "related_sku": "PROD_B200"
  },
  {
    "id": "news_3",
    "headline": "Warehouse Maintenance Affects Bangalore Dispatches",
    "body": "Routine maintenance in Bangalore warehouse restricted outbound shipments for a day.",
    "region": "Navi Mumbai",
    "timestamp": "2025-11-04T23:49:37.961840Z",
    "impact_level": "High",
    "related_carrier": "DTDC",
    "related_location": "Retail_Delhi",
    "related_sku": "PROD_B200"
  },
  {
    "id": "news_4",
    "headline": "Traffic Jam near Factory Zone 01 Causes Delivery Delays",
    "body": "Heavy vehicle traffic near industrial Factory_01 resulted in delayed pickup schedules.",
    "region": "Delhi",
    "timestamp": "2025-11-06T23:49:37.961852Z",
    "impact_level": "Medium",
    "related_carrier": "BlueDart",
    "related_location": "Factory_01",
    "related_sku": "PROD_C300"
  },
  {
    "id": "news_5",
    "headline": "BlueDart Introduces Night Deliveries to Counter Rain Delays",
    "body": "To handle disruptions caused by rain, BlueDart has started limited night operations in western regions.",
    "region": "Delhi",
    "timestamp": "2025-11-07T03:49:37.961862Z",
    "impact_level": "High",
    "related_carrier": "DTDC",
    "related_location": "Port_NaviMumbai",
    "related_sku": "PROD_A100"
  },
  {
    "id": "news_6",
    "headline": "Safexpress Reports Temporary Route Diversions",
    "body": "Safexpress announced diversion of its fleet from Western India routes due to flooding near Mumbai.",
    "region": "Delhi",
    "timestamp": "2025-11-04T16:49:37.961875Z",
    "impact_level": "High",
    "related_carrier": "Safexpress",
    "related_location": "Retail_Delhi",
    "related_sku": "PROD_C300"
  },
  {
    "id": "news_7",
    "headline": "Fuel Price Hike Affects Small Logistics Partners",
    "body": "Several smaller logistics partners reported operational slowdowns as diesel prices surged by 5% this week.",
    "region": "Navi Mumbai",
    "timestamp": "2025-11-04T17:49:37.961891Z",
    "impact_level": "Medium",
    "related_carrier": "Safexpress",
    "related_location": "Port_NaviMumbai",
    "related_sku": "PROD_B200"
  },
  {
    "id": "news_8",
    "headline": "DTDC Warehouse Staff Protest Over Working Conditions",
    "body": "A small protest at DTDC\u2019s Bangalore facility delayed sorting operations temporarily.",
    "region": "Navi Mumbai",
    "timestamp": "2025-11-07T00:49:37.961906Z",
    "impact_level": "Low",
    "related_carrier": "Safexpress",
    "related_location": "Retail_Delhi",
    "related_sku": "PROD_C300"
  },
  {
    "id": "news_9",
    "headline": "EcomExpress Fleet Maintenance Downtime Scheduled",
    "body": "EcomExpress announced planned maintenance for its delivery fleet impacting dispatch schedules on Tuesday.",
    "region": "Delhi",
    "timestamp": "2025-11-05T20:49:37.961919Z",
    "impact_level": "High",
    "related_carrier": "EcomExpress",
    "related_location": "WH_Bangalore",
    "related_sku": "PROD_B200"
  },
  {
    "id": "news_10",
    "headline": "Heavy Rains Disrupt Supply Routes in Mumbai",
    "body": "Continuous rainfall has caused roadblocks leading to shipment delays across distribution centers in Mumbai.",
    "region": "Bangalore",
    "timestamp": "2025-11-05T06:49:37.961929Z",
    "impact_level": "Low",
    "related_carrier": "BlueDart",
    "related_location": "Port_NaviMumbai",
    "related_sku": "PROD_B200"
  },
  {
    "id": "news_11",
    "headline": "Truck Drivers Strike Impacts Deliveries in Delhi NCR",
    "body": "A section of truck drivers halted services demanding fuel subsidies, delaying last-mile delivery for retail outlets.",
    "region": "Bangalore",
    "timestamp": "2025-11-05T07:49:37.961937Z",
    "impact_level": "Medium",
    "related_carrier": "EcomExpress",
    "related_location": "Factory_01",
    "related_sku": "PROD_B200"
  },
  {
    "id": "news_12",
    "headline": "Port Congestion at Navi Mumbai Slows Exports",
    "body": "Container movement at the Port of Navi Mumbai has been slowed due to backlog and labor shortages.",
    "region": "Bangalore",
    "timestamp": "2025-11-05T09:49:37.961944Z",
    "impact_level": "Low",
    "related_carrier": "BlueDart",
    "related_location": "Factory_01",
    "related_sku": "PROD_A100"
  },
  {
    "id": "news_13",
    "headline": "Warehouse Maintenance Affects Bangalore Dispatches",
    "body": "Routine maintenance in Bangalore warehouse restricted outbound shipments for a day.",
    "region": "Mumbai",
    "timestamp": "2025-11-06T00:49:37.961952Z",
    "impact_level": "Medium",
    "related_carrier": "DTDC",
    "related_location": "Port_NaviMumbai",
    "related_sku": "PROD_C300"
  },
  {
    "id": "news_14",
    "headline": "Traffic Jam near Factory Zone 01 Causes Delivery Delays",
    "body": "Heavy vehicle traffic near industrial Factory_01 resulted in delayed pickup schedules.",
    "region": "Navi Mumbai",
    "timestamp": "2025-11-04T18:49:37.961959Z",
    "impact_level": "Medium",
    "related_carrier": "Safexpress",
    "related_location": "DC_Mumbai",
    "related_sku": "PROD_D400"
  },
  {
    "id": "news_15",
    "headline": "BlueDart Introduces Night Deliveries to Counter Rain Delays",
    "body": "To handle disruptions caused by rain, BlueDart has started limited night operations in western regions.",
    "region": "Delhi",
    "timestamp": "2025-11-04T10:49:37.961966Z",
    "impact_level": "High",
    "related_carrier": "DTDC",
    "related_location": "Factory_01",
    "related_sku": "PROD_C300"
  },
  {
    "id": "news_16",
    "headline": "Safexpress Reports Temporary Route Diversions",
    "body": "Safexpress announced diversion of its fleet from Western India routes due to flooding near Mumbai.",
    "region": "Delhi",
    "timestamp": "2025-11-04T17:49:37.961973Z",
    "impact_level": "Low",
    "related_carrier": "BlueDart",
    "related_location": "Port_NaviMumbai",
    "related_sku": "PROD_B200"
  },
  {
    "id": "news_17",
    "headline": "Fuel Price Hike Affects Small Logistics Partners",
    "body": "Several smaller logistics partners reported operational slowdowns as diesel prices surged by 5% this week.",
    "region": "Bangalore",
    "timestamp": "2025-11-06T19:49:37.961980Z",
    "impact_level": "High",
    "related_carrier": "DTDC",
    "related_location": "Retail_Delhi",
    "related_sku": "PROD_C300"
  },
  {
    "id": "news_18",
    "headline": "DTDC Warehouse Staff Protest Over Working Conditions",
    "body": "A small protest at DTDC\u2019s Bangalore facility delayed sorting operations temporarily.",
    "region": "Navi Mumbai",
    "timestamp": "2025-11-06T18:49:37.961987Z",
    "impact_level": "Low",
    "related_carrier": "EcomExpress",
    "related_location": "DC_Mumbai",
    "related_sku": "PROD_A100"
  },
  {
    "id": "news_19",
    "headline": "EcomExpress Fleet Maintenance Downtime Scheduled",
    "body": "EcomExpress announced planned maintenance for its delivery fleet impacting dispatch schedules on Tuesday.",
    "region": "Mumbai",
    "timestamp": "2025-11-04T19:49:37.961994Z",
    "impact_level": "Low",
    "related_carrier": "BlueDart",
    "related_location": "Port_NaviMumbai",
    "related_sku": "PROD_C300"
  },
  {
    "id": "news_20",
    "headline": "Heavy Rains Disrupt Supply Routes in Mumbai",
    "body": "Continuous rainfall has caused roadblocks leading to shipment delays across distribution centers in Mumbai.",
    "region": "Delhi",
    "timestamp": "2025-11-07T04:49:37.962001Z",
    "impact_level": "Medium",
    "related_carrier": "DTDC",
    "related_location": "Factory_01",
    "related_sku": "PROD_A100"
  },
  {
    "id": "news_21",
    "headline": "Truck Drivers Strike Impacts Deliveries in Delhi NCR",
    "body": "A section of truck drivers halted services demanding fuel subsidies, delaying last-mile delivery for retail outlets.",
    "region": "Mumbai",
    "timestamp": "2025-11-06T10:49:37.962009Z",
    "impact_level": "Medium",
    "related_carrier": "DTDC",
    "related_location": "Port_NaviMumbai",
    "related_sku": "PROD_D400"
  },
  {
    "id": "news_22",
    "headline": "Port Congestion at Navi Mumbai Slows Exports",
    "body": "Container movement at the Port of Navi Mumbai has been slowed due to backlog and labor shortages.",
    "region": "Mumbai",
    "timestamp": "2025-11-04T21:49:37.962016Z",
    "impact_level": "High",
    "related_carrier": "Safexpress",
    "related_location": "Port_NaviMumbai",
    "related_sku": "PROD_A100"
  },
  {
    "id": "news_23",
    "headline": "Warehouse Maintenance Affects Bangalore Dispatches",
    "body": "Routine maintenance in Bangalore warehouse restricted outbound shipments for a day.",
    "region": "Navi Mumbai",
    "timestamp": "2025-11-06T04:49:37.962023Z",
    "impact_level": "Medium",
    "related_carrier": "BlueDart",
    "related_location": "DC_Mumbai",
    "related_sku": "PROD_A100"
  },
  {
    "id": "news_24",
    "headline": "Traffic Jam near Factory Zone 01 Causes Delivery Delays",
    "body": "Heavy vehicle traffic near industrial Factory_01 resulted in delayed pickup schedules.",
    "region": "Mumbai",
    "timestamp": "2025-11-04T18:49:37.962030Z",
    "impact_level": "Medium",
    "related_carrier": "DTDC",
    "related_location": "Port_NaviMumbai",
    "related_sku": "PROD_D400"
  },
  {
    "id": "news_25",
    "headline": "BlueDart Introduces Night Deliveries to Counter Rain Delays",
    "body": "To handle disruptions caused by rain, BlueDart has started limited night operations in western regions.",
    "region": "Bangalore",
    "timestamp": "2025-11-04T14:49:37.962037Z",
    "impact_level": "High",
    "related_carrier": "DTDC",
    "related_location": "Factory_01",
    "related_sku": "PROD_D400"
  },
  {
    "id": "news_26",
    "headline": "Safexpress Reports Temporary Route Diversions",
    "body": "Safexpress announced diversion of its fleet from Western India routes due to flooding near Mumbai.",
    "region": "Navi Mumbai",
    "timestamp": "2025-11-04T06:49:37.962043Z",
    "impact_level": "Medium",
    "related_carrier": "BlueDart",
    "related_location": "WH_Bangalore",
    "related_sku": "PROD_A100"
  },
  {
    "id": "news_27",
    "headline": "Fuel Price Hike Affects Small Logistics Partners",
    "body": "Several smaller logistics partners reported operational slowdowns as diesel prices surged by 5% this week.",
    "region": "Delhi",
    "timestamp": "2025-11-06T06:49:37.962055Z",
    "impact_level": "Medium",
    "related_carrier": "DTDC",
    "related_location": "Port_NaviMumbai",
    "related_sku": "PROD_A100"
  },
  {
    "id": "news_28",
    "headline": "DTDC Warehouse Staff Protest Over Working Conditions",
    "body": "A small protest at DTDC\u2019s Bangalore facility delayed sorting operations temporarily.",
    "region": "Mumbai",
    "timestamp": "2025-11-05T05:49:37.962066Z",
    "impact_level": "Low",
    "related_carrier": "BlueDart",
    "related_location": "DC_Mumbai",
    "related_sku": "PROD_C300"
  },
  {
    "id": "news_29",
    "headline": "EcomExpress Fleet Maintenance Downtime Scheduled",
    "body": "EcomExpress announced planned maintenance for its delivery fleet impacting dispatch schedules on Tuesday.",
    "region": "Delhi",
    "timestamp": "2025-11-06T08:49:37.962078Z",
    "impact_level": "Low",
    "related_carrier": "EcomExpress",
    "related_location": "Factory_01",
    "related_sku": "PROD_D400"
  },
  {
    "id": "news_30",
    "headline": "Heavy Rains Disrupt Supply Routes in Mumbai",
    "body": "Continuous rainfall has caused roadblocks leading to shipment delays across distribution centers in Mumbai.",
    "region": "Bangalore",
    "timestamp": "2025-11-06T06:49:37.962086Z",
    "impact_level": "Low",
    "related_carrier": "DTDC",
    "related_location": "Factory_01",
    "related_sku": "PROD_D400"
  },
  {
    "id": "news_31",
    "headline": "Truck Drivers Strike Impacts Deliveries in Delhi NCR",
    "body": "A section of truck drivers halted services demanding fuel subsidies, delaying last-mile delivery for retail outlets.",
    "region": "Delhi",
    "timestamp": "2025-11-06T02:49:37.962093Z",
    "impact_level": "Medium",
    "related_carrier": "BlueDart",
    "related_location": "Retail_Delhi",
    "related_sku": "PROD_C300"
  },
  {
    "id": "news_32",
    "headline": "Port Congestion at Navi Mumbai Slows Exports",
    "body": "Container movement at the Port of Navi Mumbai has been slowed due to backlog and labor shortages.",
    "region": "Bangalore",
    "timestamp": "2025-11-06T22:49:37.962100Z",
    "impact_level": "Medium",
    "related_carrier": "EcomExpress",
    "related_location": "WH_Bangalore",
    "related_sku": "PROD_C300"
  },
  {
    "id": "news_33",
    "headline": "Warehouse Maintenance Affects Bangalore Dispatches",
    "body": "Routine maintenance in Bangalore warehouse restricted outbound shipments for a day.",
    "region": "Delhi",
    "timestamp": "2025-11-05T13:49:37.962107Z",
    "impact_level": "Medium",
    "related_carrier": "Safexpress",
    "related_location": "Retail_Delhi",
    "related_sku": "PROD_B200"
  },
  {
    "id": "news_34",
    "headline": "Traffic Jam near Factory Zone 01 Causes Delivery Delays",
    "body": "Heavy vehicle traffic near industrial Factory_01 resulted in delayed pickup schedules.",
    "region": "Navi Mumbai",
    "timestamp": "2025-11-04T21:49:37.962113Z",
    "impact_level": "High",
    "related_carrier": "Safexpress",
    "related_location": "Factory_01",
    "related_sku": "PROD_A100"
  },
  {
    "id": "news_35",
    "headline": "BlueDart Introduces Night Deliveries to Counter Rain Delays",
    "body": "To handle disruptions caused by rain, BlueDart has started limited night operations in western regions.",
    "region": "Delhi",
    "timestamp": "2025-11-06T21:49:37.962120Z",
    "impact_level": "Medium",
    "related_carrier": "EcomExpress",
    "related_location": "Retail_Delhi",
    "related_sku": "PROD_A100"
  },
  {
    "id": "news_36",
    "headline": "Safexpress Reports Temporary Route Diversions",
    "body": "Safexpress announced diversion of its fleet from Western India routes due to flooding near Mumbai.",
    "region": "Delhi",
    "timestamp": "2025-11-06T17:49:37.962127Z",
    "impact_level": "High",
    "related_carrier": "DTDC",
    "related_location": "Factory_01",
    "related_sku": "PROD_D400"
  },
  {
    "id": "news_37",
    "headline": "Fuel Price Hike Affects Small Logistics Partners",
    "body": "Several smaller logistics partners reported operational slowdowns as diesel prices surged by 5% this week.",
    "region": "Delhi",
    "timestamp": "2025-11-05T10:49:37.962134Z",
    "impact_level": "Medium",
    "related_carrier": "BlueDart",
    "related_location": "WH_Bangalore",
    "related_sku": "PROD_B200"
  },
  {
    "id": "news_38",
    "headline": "DTDC Warehouse Staff Protest Over Working Conditions",
    "body": "A small protest at DTDC\u2019s Bangalore facility delayed sorting operations temporarily.",
    "region": "Mumbai",
    "timestamp": "2025-11-05T07:49:37.962140Z",
    "impact_level": "Low",
    "related_carrier": "BlueDart",
    "related_location": "Factory_01",
    "related_sku": "PROD_D400"
  },
  {
    "id": "news_39",
    "headline": "EcomExpress Fleet Maintenance Downtime Scheduled",
    "body": "EcomExpress announced planned maintenance for its delivery fleet impacting dispatch schedules on Tuesday.",
    "region": "Bangalore",
    "timestamp": "2025-11-05T20:49:37.962147Z",
    "impact_level": "High",
    "related_carrier": "EcomExpress",
    "related_location": "DC_Mumbai",
    "related_sku": "PROD_D400"
  },
  {
    "id": "news_40",
    "headline": "Heavy Rains Disrupt Supply Routes in Mumbai",
    "body": "Continuous rainfall has caused roadblocks leading to shipment delays across distribution centers in Mumbai.",
    "region": "Mumbai",
    "timestamp": "2025-11-06T13:49:37.962154Z",
    "impact_level": "Medium",
    "related_carrier": "EcomExpress",
    "related_location": "WH_Bangalore",
    "related_sku": "PROD_C300"
  },
  {
    "id": "news_41",
    "headline": "Truck Drivers Strike Impacts Deliveries in Delhi NCR",
    "body": "A section of truck drivers halted services demanding fuel subsidies, delaying last-mile delivery for retail outlets.",
    "region": "Mumbai",
    "timestamp": "2025-11-06T16:49:37.962162Z",
    "impact_level": "Medium",
    "related_carrier": "BlueDart",
    "related_location": "DC_Mumbai",
    "related_sku": "PROD_C300"
  },
  {
    "id": "news_42",
    "headline": "Port Congestion at Navi Mumbai Slows Exports",
    "body": "Container movement at the Port of Navi Mumbai has been slowed due to backlog and labor shortages.",
    "region": "Mumbai",
    "timestamp": "2025-11-05T19:49:37.962172Z",
    "impact_level": "High",
    "related_carrier": "DTDC",
    "related_location": "WH_Bangalore",
    "related_sku": "PROD_D400"
  },
  {
    "id": "news_43",
    "headline": "Warehouse Maintenance Affects Bangalore Dispatches",
    "body": "Routine maintenance in Bangalore warehouse restricted outbound shipments for a day.",
    "region": "Bangalore",
    "timestamp": "2025-11-07T00:49:37.962184Z",
    "impact_level": "High",
    "related_carrier": "EcomExpress",
    "related_location": "WH_Bangalore",
    "related_sku": "PROD_D400"
  },
  {
    "id": "news_44",
    "headline": "Traffic Jam near Factory Zone 01 Causes Delivery Delays",
    "body": "Heavy vehicle traffic near industrial Factory_01 resulted in delayed pickup schedules.",
    "region": "Navi Mumbai",
    "timestamp": "2025-11-04T08:49:37.962192Z",
    "impact_level": "Low",
    "related_carrier": "EcomExpress",
    "related_location": "WH_Bangalore",
    "related_sku": "PROD_D400"
  },
  {
    "id": "news_45",
    "headline": "BlueDart Introduces Night Deliveries to Counter Rain Delays",
    "body": "To handle disruptions caused by rain, BlueDart has started limited night operations in western regions.",
    "region": "Mumbai",
    "timestamp": "2025-11-06T06:49:37.962199Z",
    "impact_level": "Low",
    "related_carrier": "DTDC",
    "related_location": "WH_Bangalore",
    "related_sku": "PROD_D400"
  },
  {
    "id": "news_46",
    "headline": "Safexpress Reports Temporary Route Diversions",
    "body": "Safexpress announced diversion of its fleet from Western India routes due to flooding near Mumbai.",
    "region": "Navi Mumbai",
    "timestamp": "2025-11-06T17:49:37.962206Z",
    "impact_level": "Medium",
    "related_carrier": "EcomExpress",
    "related_location": "DC_Mumbai",
    "related_sku": "PROD_D400"
  },
  {
    "id": "news_47",
    "headline": "Fuel Price Hike Affects Small Logistics Partners",
    "body": "Several smaller logistics partners reported operational slowdowns as diesel prices surged by 5% this week.",
    "region": "Bangalore",
    "timestamp": "2025-11-06T19:49:37.962213Z",
    "impact_level": "High",
    "related_carrier": "BlueDart",
    "related_location": "WH_Bangalore",
    "related_sku": "PROD_B200"
  },
  {
    "id": "news_48",
    "headline": "DTDC Warehouse Staff Protest Over Working Conditions",
    "body": "A small protest at DTDC\u2019s Bangalore facility delayed sorting operations temporarily.",
    "region": "Mumbai",
    "timestamp": "2025-11-06T16:49:37.962220Z",
    "impact_level": "High",
    "related_carrier": "BlueDart",
    "related_location": "Factory_01",
    "related_sku": "PROD_B200"
  },
  {
    "id": "news_49",
    "headline": "EcomExpress Fleet Maintenance Downtime Scheduled",
    "body": "EcomExpress announced planned maintenance for its delivery fleet impacting dispatch schedules on Tuesday.",
    "region": "Navi Mumbai",
    "timestamp": "2025-11-05T05:49:37.962229Z",
    "impact_level": "Medium",
    "related_carrier": "BlueDart",
    "related_location": "Port_NaviMumbai",
    "related_sku": "PROD_B200"
  }
]