[
  {
    "event_id": "1eabf1c9d8584975bd14c60da4a2ac4f",
    "shipment_id": "SHP1000",
    "sku": "PROD_A100",
    "timestamp": "2025-11-05T12:45:55.284624Z",
    "event_type": "Delivered",
    "location": "Factory_01",
    "carrier": "DTDC",
    "remarks": "Vehicle delayed due to traffic"
  },
  {
    "event_id": "f879aa959c4f456a972044f2ded0b5f1",
    "shipment_id": "SHP1001",
    "sku": "PROD_D400",
    "timestamp": "2025-11-04T07:45:55.284758Z",
    "event_type": "Delayed",
    "location": "WH_Bangalore",
    "carrier": "EcomExpress",
    "remarks": "Heavy rain reported on route"
  },
  {
    "event_id": "106eea21efb44fbd92c92bbc6818757e",
    "shipment_id": "SHP1002",
    "sku": "PROD_C300",
    "timestamp": "2025-11-06T15:45:55.285128Z",
    "event_type": "Delivered",
    "location": "Port_NaviMumbai",
    "carrier": "Safexpress",
    "remarks": "Heavy rain reported on route"
  },
  {
    "event_id": "5f80efe6cd3544efa71e0a02ad642d4b",
    "shipment_id": "SHP1003",
    "sku": "PROD_A100",
    "timestamp": "2025-11-05T18:45:55.285295Z",
    "event_type": "Dispatched",
    "location": "Port_NaviMumbai",
    "carrier": "EcomExpress",
    "remarks": "Awaiting unloading at warehouse"
  },
  {
    "event_id": "0e760dcde8c6447a899f8c548956d889",
    "shipment_id": "SHP1004",
    "sku": "PROD_A100",
    "timestamp": "2025-11-06T14:45:55.285471Z",
    "event_type": "Dispatched",
    "location": "WH_Bangalore",
    "carrier": "Safexpress",
    "remarks": "Driver shift delay"
  },
  {
    "event_id": "e75528324edf4d889065c093682e4c12",
    "shipment_id": "SHP1005",
    "sku": "PROD_B200",
    "timestamp": "2025-11-07T06:45:55.285629Z",
    "event_type": "Delivered",
    "location": "Factory_01",
    "carrier": "EcomExpress",
    "remarks": "Vehicle delayed due to traffic"
  },
  {
    "event_id": "eaa9cf357ee043f6b639508656081726",
    "shipment_id": "SHP1006",
    "sku": "PROD_D400",
    "timestamp": "2025-11-03T21:45:55.286034Z",
    "event_type": "Delayed",
    "location": "Retail_Delhi",
    "carrier": "EcomExpress",
    "remarks": "Vehicle delayed due to traffic"
  },
  {
    "event_id": "02b140b29395453db1ae350930377680",
    "shipment_id": "SHP1007",
    "sku": "PROD_D400",
    "timestamp": "2025-11-06T07:45:55.286674Z",
    "event_type": "Dispatched",
    "location": "Port_NaviMumbai",
    "carrier": "EcomExpress",
    "remarks": "Awaiting unloading at warehouse"
  },
  {
    "event_id": "0e1d16c734e64e6d9c9f3ad799a24853",
    "shipment_id": "SHP1008",
    "sku": "PROD_C300",
    "timestamp": "2025-11-02T20:45:55.286723Z",
    "event_type": "Delivered",
    "location": "Factory_01",
    "carrier": "DTDC",
    "remarks": "All normal"
  },
  {
    "event_id": "1c2f178286314929a0324f9e26fdc626",
    "shipment_id": "SHP1009",
    "sku": "PROD_A100",
    "timestamp": "2025-11-03T14:45:55.286755Z",
    "event_type": "Dispatched",
    "location": "WH_Bangalore",
    "carrier": "EcomExpress",
    "remarks": "Vehicle delayed due to traffic"
  },
  {
    "event_id": "30afd93f7c284b0ba0eae2324f370ad8",
    "shipment_id": "SHP1010",
    "sku": "PROD_B200",
    "timestamp": "2025-11-03T19:45:55.286773Z",
    "event_type": "Delivered",
    "location": "Retail_Delhi",
    "carrier": "BlueDart",
    "remarks": "Driver shift delay"
  },
  {
    "event_id": "72871268883246c8bbcb442906c57f89",
    "shipment_id": "SHP1011",
    "sku": "PROD_D400",
    "timestamp": "2025-11-04T19:45:55.286795Z",
    "event_type": "Delivered",
    "location": "Factory_01",
    "carrier": "Safexpress",
    "remarks": "Vehicle delayed due to traffic"
  },
  {
    "event_id": "2115cb6cf5d34775a7b96563f9b1a8da",
    "shipment_id": "SHP1012",
    "sku": "PROD_B200",
    "timestamp": "2025-11-02T18:45:55.286810Z",
    "event_type": "Dispatched",
    "location": "WH_Bangalore",
    "carrier": "EcomExpress",
    "remarks": "Awaiting unloading at warehouse"
  },
  {
    "event_id": "44992a916e2b4e2ea068ee7dc205fd81",
    "shipment_id": "SHP1013",
    "sku": "PROD_B200",
    "timestamp": "2025-11-04T13:45:55.286825Z",
    "event_type": "Delayed",
    "location": "Factory_01",
    "carrier": "Safexpress",
    "remarks": "Driver shift delay"
  },
  {
    "event_id": "ecb3df23b19b4c299f865fb253ffe88c",
    "shipment_id": "SHP1014",
    "sku": "PROD_C300",
    "timestamp": "2025-11-05T14:45:55.286838Z",
    "event_type": "Dispatched",
    "location": "Retail_Delhi",
    "carrier": "Safexpress",
    "remarks": "All normal"
  },
  {
    "event_id": "772d75d29a3640678a5d519ab0024d1a",
    "shipment_id": "SHP1015",
    "sku": "PROD_C300",
    "timestamp": "2025-11-04T07:45:55.286851Z",
    "event_type": "Dispatched",
    "location": "DC_Mumbai",
    "carrier": "Safexpress",
    "remarks": "Awaiting unloading at warehouse"
  },
  {
    "event_id": "3acc7fa93181405ba26998e8eb6730b9",
    "shipment_id": "SHP1016",
    "sku": "PROD_A100",
    "timestamp": "2025-11-02T18:45:55.286871Z",
    "event_type": "Dispatched",
    "location": "Retail_Delhi",
    "carrier": "DTDC",
    "remarks": "Driver shift delay"
  },
  {
    "event_id": "8eb2b8ccc764488180c7f319e766c2f8",
    "shipment_id": "SHP1017",
    "sku": "PROD_D400",
    "timestamp": "2025-11-04T07:45:55.286888Z",
    "event_type": "Dispatched",
    "location": "Retail_Delhi",
    "carrier": "Safexpress",
    "remarks": "All normal"
  },
  {
    "event_id": "9a238e92a45e48838bbdec6b5f5fd1d2",
    "shipment_id": "SHP1018",
    "sku": "PROD_A100",
    "timestamp": "2025-11-02T23:45:55.286901Z",
    "event_type": "In_Transit",
    "location": "Factory_01",
    "carrier": "BlueDart",
    "remarks": "All normal"
  },
  {
    "event_id": "8cfd606d5dca4e4bb0443a7ada265266",
    "shipment_id": "SHP1019",
    "sku": "PROD_A100",
    "timestamp": "2025-11-03T23:45:55.286915Z",
    "event_type": "Dispatched",
    "location": "DC_Mumbai",
    "carrier": "DTDC",
    "remarks": "Heavy rain reported on route"
  },
  {
    "event_id": "35395e0bb56c4fa295deca430cf53e88",
    "shipment_id": "SHP1020",
    "sku": "PROD_C300",
    "timestamp": "2025-11-06T14:45:55.286933Z",
    "event_type": "Delayed",
    "location": "Retail_Delhi",
    "carrier": "DTDC",
    "remarks": "Vehicle delayed due to traffic"
  },
  {
    "event_id": "5c0ddec50e274489b32f3f8ff4ff70f2",
    "shipment_id": "SHP1021",
    "sku": "PROD_B200",
    "timestamp": "2025-11-04T12:45:55.286953Z",
    "event_type": "In_Transit",
    "location": "Retail_Delhi",
    "carrier": "DTDC",
    "remarks": "Driver shift delay"
  },
  {
    "event_id": "4eda68cf575a490c804c0d927d1ce7d5",
    "shipment_id": "SHP1022",
    "sku": "PROD_A100",
    "timestamp": "2025-11-04T00:45:55.286972Z",
    "event_type": "Dispatched",
    "location": "Retail_Delhi",
    "carrier": "EcomExpress",
    "remarks": "Vehicle delayed due to traffic"
  },
  {
    "event_id": "d5b62703a2724e78a46a30017a827d41",
    "shipment_id": "SHP1023",
    "sku": "PROD_D400",
    "timestamp": "2025-11-02T23:45:55.286991Z",
    "event_type": "In_Transit",
    "location": "Factory_01",
    "carrier": "Safexpress",
    "remarks": "All normal"
  },
  {
    "event_id": "877e46adcedf4fe58d0b643c901ba7b3",
    "shipment_id": "SHP1024",
    "sku": "PROD_C300",
    "timestamp": "2025-11-06T21:45:55.287005Z",
    "event_type": "Delivered",
    "location": "Factory_01",
    "carrier": "BlueDart",
    "remarks": "Heavy rain reported on route"
  },
  {
    "event_id": "dfbbcee8e7084acb8dac7447bf8b93b3",
    "shipment_id": "SHP1025",
    "sku": "PROD_B200",
    "timestamp": "2025-11-02T17:45:55.287021Z",
    "event_type": "Delayed",
    "location": "Port_NaviMumbai",
    "carrier": "DTDC",
    "remarks": "Awaiting unloading at warehouse"
  },
  {
    "event_id": "979a25627627486baf68d62d98b0f4e1",
    "shipment_id": "SHP1026",
    "sku": "PROD_B200",
    "timestamp": "2025-11-06T20:45:55.287034Z",
    "event_type": "Dispatched",
    "location": "WH_Bangalore",
    "carrier": "BlueDart",
    "remarks": "Heavy rain reported on route"
  },
  {
    "event_id": "d40b95fbcc074e938f5907ffe7e1adcc",
    "shipment_id": "SHP1027",
    "sku": "PROD_A100",
    "timestamp": "2025-11-03T08:45:55.287061Z",
    "event_type": "In_Transit",
    "location": "DC_Mumbai",
    "carrier": "BlueDart",
    "remarks": "Heavy rain reported on route"
  },
  {
    "event_id": "2a4c461472f54368ac978f35a38c6e40",
    "shipment_id": "SHP1028",
    "sku": "PROD_B200",
    "timestamp": "2025-11-06T20:45:55.287093Z",
    "event_type": "Dispatched",
    "location": "WH_Bangalore",
    "carrier": "BlueDart",
    "remarks": "Awaiting unloading at warehouse"
  },
  {
    "event_id": "72d8ceaa3259469baedbc9f507b7451d",
    "shipment_id": "SHP1029",
    "sku": "PROD_C300",
    "timestamp": "2025-11-04T09:45:55.287112Z",
    "event_type": "Delivered",
    "location": "WH_Bangalore",
    "carrier": "EcomExpress",
    "remarks": "Awaiting unloading at warehouse"
  },
  {
    "event_id": "a8a56484220d4fe289c4649e61f4dd95",
    "shipment_id": "SHP1030",
    "sku": "PROD_A100",
    "timestamp": "2025-11-06T07:45:55.287127Z",
    "event_type": "In_Transit",
    "location": "Factory_01",
    "carrier": "EcomExpress",
    "remarks": "Heavy rain reported on route"
  },
  {
    "event_id": "e16cee57a4b540bd9197e26145ec1838",
    "shipment_id": "SHP1031",
    "sku": "PROD_D400",
    "timestamp": "2025-11-03T11:45:55.287146Z",
    "event_type": "Delayed",
    "location": "Retail_Delhi",
    "carrier": "BlueDart",
    "remarks": "Vehicle delayed due to traffic"
  },
  {
    "event_id": "7f93b2cbd79d42b296a4d78358560655",
    "shipment_id": "SHP1032",
    "sku": "PROD_B200",
    "timestamp": "2025-11-03T13:45:55.287161Z",
    "event_type": "In_Transit",
    "location": "Factory_01",
    "carrier": "BlueDart",
    "remarks": "Driver shift delay"
  },
  {
    "event_id": "40cf3e40b2244250b652e8f3a71697a9",
    "shipment_id": "SHP1033",
    "sku": "PROD_C300",
    "timestamp": "2025-11-04T23:45:55.287178Z",
    "event_type": "Delivered",
    "location": "Factory_01",
    "carrier": "EcomExpress",
    "remarks": "All normal"
  },
  {
    "event_id": "bf804ec2394c4112b1f11a2a54bb0dc7",
    "shipment_id": "SHP1034",
    "sku": "PROD_A100",
    "timestamp": "2025-11-06T05:45:55.287198Z",
    "event_type": "Delayed",
    "location": "Port_NaviMumbai",
    "carrier": "Safexpress",
    "remarks": "All normal"
  },
  {
    "event_id": "36b756b835134cf0b0bbe6f9d1f164d1",
    "shipment_id": "SHP1035",
    "sku": "PROD_C300",
    "timestamp": "2025-11-03T19:45:55.287215Z",
    "event_type": "Dispatched",
    "location": "DC_Mumbai",
    "carrier": "DTDC",
    "remarks": "Awaiting unloading at warehouse"
  },
  {
    "event_id": "a9653cbc97734c8e80e9146d78b52a5e",
    "shipment_id": "SHP1036",
    "sku": "PROD_A100",
    "timestamp": "2025-11-04T05:45:55.287237Z",
    "event_type": "Delayed",
    "location": "Port_NaviMumbai",
    "carrier": "DTDC",
    "remarks": "Driver shift delay"
  },
  {
    "event_id": "0efb4e7323c941bea82aff0f86bed7b0",
    "shipment_id": "SHP1037",
    "sku": "PROD_C300",
    "timestamp": "2025-11-03T18:45:55.287251Z",
    "event_type": "Delayed",
    "location": "Port_NaviMumbai",
    "carrier": "BlueDart",
    "remarks": "Awaiting unloading at warehouse"
  },
  {
    "event_id": "65f48e40b27245bdb06421fa7fd05884",
    "shipment_id": "SHP1038",
    "sku": "PROD_A100",
    "timestamp": "2025-11-03T02:45:55.287266Z",
    "event_type": "Delayed",
    "location": "Retail_Delhi",
    "carrier": "Safexpress",
    "remarks": "All normal"
  },
  {
    "event_id": "55eec7b2afbe48aea3f14d123066842e",
    "shipment_id": "SHP1039",
    "sku": "PROD_D400",
    "timestamp": "2025-11-02T08:45:55.287279Z",
    "event_type": "Dispatched",
    "location": "Retail_Delhi",
    "carrier": "Safexpress",
    "remarks": "All normal"
  },
  {
    "event_id": "5b5c1ec67d024cd7a26104e8310cf734",
    "shipment_id": "SHP1040",
    "sku": "PROD_C300",
    "timestamp": "2025-11-02T13:45:55.287295Z",
    "event_type": "In_Transit",
    "location": "Retail_Delhi",
    "carrier": "DTDC",
    "remarks": "All normal"
  },
  {
    "event_id": "dcdfa810342543d1b95c7faa177f8b9d",
    "shipment_id": "SHP1041",
    "sku": "PROD_C300",
    "timestamp": "2025-11-04T15:45:55.287314Z",
    "event_type": "Delivered",
    "location": "Port_NaviMumbai",
    "carrier": "Safexpress",
    "remarks": "Awaiting unloading at warehouse"
  },
  {
    "event_id": "1071029119094b25b7fb44454ed8498e",
    "shipment_id": "SHP1042",
    "sku": "PROD_A100",
    "timestamp": "2025-11-06T02:45:55.287328Z",
    "event_type": "Dispatched",
    "location": "Retail_Delhi",
    "carrier": "EcomExpress",
    "remarks": "All normal"
  },
  {
    "event_id": "818b4bcaa9e04f27b85d2f5e8001b62e",
    "shipment_id": "SHP1043",
    "sku": "PROD_B200",
    "timestamp": "2025-11-07T00:45:55.287346Z",
    "event_type": "Delayed",
    "location": "Port_NaviMumbai",
    "carrier": "DTDC",
    "remarks": "Driver shift delay"
  },
  {
    "event_id": "ddb7bcdb8aed4e18b6869163cddd721b",
    "shipment_id": "SHP1044",
    "sku": "PROD_A100",
    "timestamp": "2025-11-05T13:45:55.287373Z",
    "event_type": "In_Transit",
    "location": "WH_Bangalore",
    "carrier": "Safexpress",
    "remarks": "All normal"
  },
  {
    "event_id": "292de58225ad4e5aa311813347d73fc8",
    "shipment_id": "SHP1045",
    "sku": "PROD_C300",
    "timestamp": "2025-11-02T21:45:55.287410Z",
    "event_type": "Dispatched",
    "location": "DC_Mumbai",
    "carrier": "DTDC",
    "remarks": "Driver shift delay"
  },
  {
    "event_id": "3275cc48cbea4c459a4b655f900c3e85",
    "shipment_id": "SHP1046",
    "sku": "PROD_C300",
    "timestamp": "2025-11-07T00:45:55.287428Z",
    "event_type": "Delayed",
    "location": "WH_Bangalore",
    "carrier": "BlueDart",
    "remarks": "Driver shift delay"
  },
  {
    "event_id": "f41d95a30eae416f8fc98fbc58a5de64",
    "shipment_id": "SHP1047",
    "sku": "PROD_B200",
    "timestamp": "2025-11-05T02:45:55.287441Z",
    "event_type": "In_Transit",
    "location": "Retail_Delhi",
    "carrier": "Safexpress",
    "remarks": "Awaiting unloading at warehouse"
  },
  {
    "event_id": "92776471baa148c8bd2a198dc0106fe6",
    "shipment_id": "SHP1048",
    "sku": "PROD_C300",
    "timestamp": "2025-11-03T22:45:55.287455Z",
    "event_type": "Delivered",
    "location": "Factory_01",
    "carrier": "Safexpress",
    "remarks": "Driver shift delay"
  },
  {
    "event_id": "2306d468e5ac4dfc966fbcbc54ea361e",
    "shipment_id": "SHP1049",
    "sku": "PROD_A100",
    "timestamp": "2025-11-03T06:45:55.287476Z",
    "event_type": "Delayed",
    "location": "Retail_Delhi",
    "carrier": "DTDC",
    "remarks": "Awaiting unloading at warehouse"
  },
  {
    "event_id": "1eabf1c9d8584975bd14c60da4a2ac4f",
    "shipment_id": "SHP1000",
    "sku": "PROD_A100",
    "timestamp": "2025-11-05T12:45:55.284624Z",
    "event_type": "Delivered",
    "location": "Factory_01",
    "carrier": "DTDC",
    "remarks": "Vehicle delayed due to traffic"
  },
  {
    "event_id": "f879aa959c4f456a972044f2ded0b5f1",
    "shipment_id": "SHP1001",
    "sku": "PROD_D400",
    "timestamp": "2025-11-04T07:45:55.284758Z",
    "event_type": "Delayed",
    "location": "WH_Bangalore",
    "carrier": "EcomExpress",
    "remarks": "Heavy rain reported on route"
  },
  {
    "event_id": "106eea21efb44fbd92c92bbc6818757e",
    "shipment_id": "SHP1002",
    "sku": "PROD_C300",
    "timestamp": "2025-11-06T15:45:55.285128Z",
    "event_type": "Delivered",
    "location": "Port_NaviMumbai",
    "carrier": "Safexpress",
    "remarks": "Heavy rain reported on route"
  },
  {
    "event_id": "5f80efe6cd3544efa71e0a02ad642d4b",
    "shipment_id": "SHP1003",
    "sku": "PROD_A100",
    "timestamp": "2025-11-05T18:45:55.285295Z",
    "event_type": "Dispatched",
    "location": "Port_NaviMumbai",
    "carrier": "EcomExpress",
    "remarks": "Awaiting unloading at warehouse"
  },
  {
    "event_id": "0e760dcde8c6447a899f8c548956d889",
    "shipment_id": "SHP1004",
    "sku": "PROD_A100",
    "timestamp": "2025-11-06T14:45:55.285471Z",
    "event_type": "Dispatched",
    "location": "WH_Bangalore",
    "carrier": "Safexpress",
    "remarks": "Driver shift delay"
  },
  {
    "event_id": "e75528324edf4d889065c093682e4c12",
    "shipment_id": "SHP1005",
    "sku": "PROD_B200",
    "timestamp": "2025-11-07T06:45:55.285629Z",
    "event_type": "Delivered",
    "location": "Factory_01",
    "carrier": "EcomExpress",
    "remarks": "Vehicle delayed due to traffic"
  },
  {
    "event_id": "eaa9cf357ee043f6b639508656081726",
    "shipment_id": "SHP1006",
    "sku": "PROD_D400",
    "timestamp": "2025-11-03T21:45:55.286034Z",
    "event_type": "Delayed",
    "location": "Retail_Delhi",
    "carrier": "EcomExpress",
    "remarks": "Vehicle delayed due to traffic"
  },
  {
    "event_id": "02b140b29395453db1ae350930377680",
    "shipment_id": "SHP1007",
    "sku": "PROD_D400",
    "timestamp": "2025-11-06T07:45:55.286674Z",
    "event_type": "Dispatched",
    "location": "Port_NaviMumbai",
    "carrier": "EcomExpress",
    "remarks": "Awaiting unloading at warehouse"
  },
  {
    "event_id": "0e1d16c734e64e6d9c9f3ad799a24853",
    "shipment_id": "SHP1008",
    "sku": "PROD_C300",
    "timestamp": "2025-11-02T20:45:55.286723Z",
    "event_type": "Delivered",
    "location": "Factory_01",
    "carrier": "DTDC",
    "remarks": "All normal"
  },
  {
    "event_id": "1c2f178286314929a0324f9e26fdc626",
    "shipment_id": "SHP1009",
    "sku": "PROD_A100",
    "timestamp": "2025-11-03T14:45:55.286755Z",
    "event_type": "Dispatched",
    "location": "WH_Bangalore",
    "carrier": "EcomExpress",
    "remarks": "Vehicle delayed due to traffic"
  },
  {
    "event_id": "30afd93f7c284b0ba0eae2324f370ad8",
    "shipment_id": "SHP1010",
    "sku": "PROD_B200",
    "timestamp": "2025-11-03T19:45:55.286773Z",
    "event_type": "Delivered",
    "location": "Retail_Delhi",
    "carrier": "BlueDart",
    "remarks": "Driver shift delay"
  },
  {
    "event_id": "72871268883246c8bbcb442906c57f89",
    "shipment_id": "SHP1011",
    "sku": "PROD_D400",
    "timestamp": "2025-11-04T19:45:55.286795Z",
    "event_type": "Delivered",
    "location": "Factory_01",
    "carrier": "Safexpress",
    "remarks": "Vehicle delayed due to traffic"
  },
  {
    "event_id": "2115cb6cf5d34775a7b96563f9b1a8da",
    "shipment_id": "SHP1012",
    "sku": "PROD_B200",
    "timestamp": "2025-11-02T18:45:55.286810Z",
    "event_type": "Dispatched",
    "location": "WH_Bangalore",
    "carrier": "EcomExpress",
    "remarks": "Awaiting unloading at warehouse"
  },
  {
    "event_id": "44992a916e2b4e2ea068ee7dc205fd81",
    "shipment_id": "SHP1013",
    "sku": "PROD_B200",
    "timestamp": "2025-11-04T13:45:55.286825Z",
    "event_type": "Delayed",
    "location": "Factory_01",
    "carrier": "Safexpress",
    "remarks": "Driver shift delay"
  },
  {
    "event_id": "ecb3df23b19b4c299f865fb253ffe88c",
    "shipment_id": "SHP1014",
    "sku": "PROD_C300",
    "timestamp": "2025-11-05T14:45:55.286838Z",
    "event_type": "Dispatched",
    "location": "Retail_Delhi",
    "carrier": "Safexpress",
    "remarks": "All normal"
  },
  {
    "event_id": "772d75d29a3640678a5d519ab0024d1a",
    "shipment_id": "SHP1015",
    "sku": "PROD_C300",
    "timestamp": "2025-11-04T07:45:55.286851Z",
    "event_type": "Dispatched",
    "location": "DC_Mumbai",
    "carrier": "Safexpress",
    "remarks": "Awaiting unloading at warehouse"
  },
  {
    "event_id": "3acc7fa93181405ba26998e8eb6730b9",
    "shipment_id": "SHP1016",
    "sku": "PROD_A100",
    "timestamp": "2025-11-02T18:45:55.286871Z",
    "event_type": "Dispatched",
    "location": "Retail_Delhi",
    "carrier": "DTDC",
    "remarks": "Driver shift delay"
  },
  {
    "event_id": "8eb2b8ccc764488180c7f319e766c2f8",
    "shipment_id": "SHP1017",
    "sku": "PROD_D400",
    "timestamp": "2025-11-04T07:45:55.286888Z",
    "event_type": "Dispatched",
    "location": "Retail_Delhi",
    "carrier": "Safexpress",
    "remarks": "All normal"
  },
  {
    "event_id": "9a238e92a45e48838bbdec6b5f5fd1d2",
    "shipment_id": "SHP1018",
    "sku": "PROD_A100",
    "timestamp": "2025-11-02T23:45:55.286901Z",
    "event_type": "In_Transit",
    "location": "Factory_01",
    "carrier": "BlueDart",
    "remarks": "All normal"
  },
  {
    "event_id": "8cfd606d5dca4e4bb0443a7ada265266",
    "shipment_id": "SHP1019",
    "sku": "PROD_A100",
    "timestamp": "2025-11-03T23:45:55.286915Z",
    "event_type": "Dispatched",
    "location": "DC_Mumbai",
    "carrier": "DTDC",
    "remarks": "Heavy rain reported on route"
  },
  {
    "event_id": "35395e0bb56c4fa295deca430cf53e88",
    "shipment_id": "SHP1020",
    "sku": "PROD_C300",
    "timestamp": "2025-11-06T14:45:55.286933Z",
    "event_type": "Delayed",
    "location": "Retail_Delhi",
    "carrier": "DTDC",
    "remarks": "Vehicle delayed due to traffic"
  },
  {
    "event_id": "5c0ddec50e274489b32f3f8ff4ff70f2",
    "shipment_id": "SHP1021",
    "sku": "PROD_B200",
    "timestamp": "2025-11-04T12:45:55.286953Z",
    "event_type": "In_Transit",
    "location": "Retail_Delhi",
    "carrier": "DTDC",
    "remarks": "Driver shift delay"
  },
  {
    "event_id": "4eda68cf575a490c804c0d927d1ce7d5",
    "shipment_id": "SHP1022",
    "sku": "PROD_A100",
    "timestamp": "2025-11-04T00:45:55.286972Z",
    "event_type": "Dispatched",
    "location": "Retail_Delhi",
    "carrier": "EcomExpress",
    "remarks": "Vehicle delayed due to traffic"
  },
  {
    "event_id": "d5b62703a2724e78a46a30017a827d41",
    "shipment_id": "SHP1023",
    "sku": "PROD_D400",
    "timestamp": "2025-11-02T23:45:55.286991Z",
    "event_type": "In_Transit",
    "location": "Factory_01",
    "carrier": "Safexpress",
    "remarks": "All normal"
  },
  {
    "event_id": "877e46adcedf4fe58d0b643c901ba7b3",
    "shipment_id": "SHP1024",
    "sku": "PROD_C300",
    "timestamp": "2025-11-06T21:45:55.287005Z",
    "event_type": "Delivered",
    "location": "Factory_01",
    "carrier": "BlueDart",
    "remarks": "Heavy rain reported on route"
  },
  {
    "event_id": "dfbbcee8e7084acb8dac7447bf8b93b3",
    "shipment_id": "SHP1025",
    "sku": "PROD_B200",
    "timestamp": "2025-11-02T17:45:55.287021Z",
    "event_type": "Delayed",
    "location": "Port_NaviMumbai",
    "carrier": "DTDC",
    "remarks": "Awaiting unloading at warehouse"
  },
  {
    "event_id": "979a25627627486baf68d62d98b0f4e1",
    "shipment_id": "SHP1026",
    "sku": "PROD_B200",
    "timestamp": "2025-11-06T20:45:55.287034Z",
    "event_type": "Dispatched",
    "location": "WH_Bangalore",
    "carrier": "BlueDart",
    "remarks": "Heavy rain reported on route"
  },
  {
    "event_id": "d40b95fbcc074e938f5907ffe7e1adcc",
    "shipment_id": "SHP1027",
    "sku": "PROD_A100",
    "timestamp": "2025-11-03T08:45:55.287061Z",
    "event_type": "In_Transit",
    "location": "DC_Mumbai",
    "carrier": "BlueDart",
    "remarks": "Heavy rain reported on route"
  },
  {
    "event_id": "2a4c461472f54368ac978f35a38c6e40",
    "shipment_id": "SHP1028",
    "sku": "PROD_B200",
    "timestamp": "2025-11-06T20:45:55.287093Z",
    "event_type": "Dispatched",
    "location": "WH_Bangalore",
    "carrier": "BlueDart",
    "remarks": "Awaiting unloading at warehouse"
  },
  {
    "event_id": "72d8ceaa3259469baedbc9f507b7451d",
    "shipment_id": "SHP1029",
    "sku": "PROD_C300",
    "timestamp": "2025-11-04T09:45:55.287112Z",
    "event_type": "Delivered",
    "location": "WH_Bangalore",
    "carrier": "EcomExpress",
    "remarks": "Awaiting unloading at warehouse"
  },
  {
    "event_id": "a8a56484220d4fe289c4649e61f4dd95",
    "shipment_id": "SHP1030",
    "sku": "PROD_A100",
    "timestamp": "2025-11-06T07:45:55.287127Z",
    "event_type": "In_Transit",
    "location": "Factory_01",
    "carrier": "EcomExpress",
    "remarks": "Heavy rain reported on route"
  },
  {
    "event_id": "e16cee57a4b540bd9197e26145ec1838",
    "shipment_id": "SHP1031",
    "sku": "PROD_D400",
    "timestamp": "2025-11-03T11:45:55.287146Z",
    "event_type": "Delayed",
    "location": "Retail_Delhi",
    "carrier": "BlueDart",
    "remarks": "Vehicle delayed due to traffic"
  },
  {
    "event_id": "7f93b2cbd79d42b296a4d78358560655",
    "shipment_id": "SHP1032",
    "sku": "PROD_B200",
    "timestamp": "2025-11-03T13:45:55.287161Z",
    "event_type": "In_Transit",
    "location": "Factory_01",
    "carrier": "BlueDart",
    "remarks": "Driver shift delay"
  },
  {
    "event_id": "40cf3e40b2244250b652e8f3a71697a9",
    "shipment_id": "SHP1033",
    "sku": "PROD_C300",
    "timestamp": "2025-11-04T23:45:55.287178Z",
    "event_type": "Delivered",
    "location": "Factory_01",
    "carrier": "EcomExpress",
    "remarks": "All normal"
  },
  {
    "event_id": "bf804ec2394c4112b1f11a2a54bb0dc7",
    "shipment_id": "SHP1034",
    "sku": "PROD_A100",
    "timestamp": "2025-11-06T05:45:55.287198Z",
    "event_type": "Delayed",
    "location": "Port_NaviMumbai",
    "carrier": "Safexpress",
    "remarks": "All normal"
  },
  {
    "event_id": "36b756b835134cf0b0bbe6f9d1f164d1",
    "shipment_id": "SHP1035",
    "sku": "PROD_C300",
    "timestamp": "2025-11-03T19:45:55.287215Z",
    "event_type": "Dispatched",
    "location": "DC_Mumbai",
    "carrier": "DTDC",
    "remarks": "Awaiting unloading at warehouse"
  },
  {
    "event_id": "a9653cbc97734c8e80e9146d78b52a5e",
    "shipment_id": "SHP1036",
    "sku": "PROD_A100",
    "timestamp": "2025-11-04T05:45:55.287237Z",
    "event_type": "Delayed",
    "location": "Port_NaviMumbai",
    "carrier": "DTDC",
    "remarks": "Driver shift delay"
  },
  {
    "event_id": "0efb4e7323c941bea82aff0f86bed7b0",
    "shipment_id": "SHP1037",
    "sku": "PROD_C300",
    "timestamp": "2025-11-03T18:45:55.287251Z",
    "event_type": "Delayed",
    "location": "Port_NaviMumbai",
    "carrier": "BlueDart",
    "remarks": "Awaiting unloading at warehouse"
  },
  {
    "event_id": "65f48e40b27245bdb06421fa7fd05884",
    "shipment_id": "SHP1038",
    "sku": "PROD_A100",
    "timestamp": "2025-11-03T02:45:55.287266Z",
    "event_type": "Delayed",
    "location": "Retail_Delhi",
    "carrier": "Safexpress",
    "remarks": "All normal"
  },
  {
    "event_id": "55eec7b2afbe48aea3f14d123066842e",
    "shipment_id": "SHP1039",
    "sku": "PROD_D400",
    "timestamp": "2025-11-02T08:45:55.287279Z",
    "event_type": "Dispatched",
    "location": "Retail_Delhi",
    "carrier": "Safexpress",
    "remarks": "All normal"
  },
  {
    "event_id": "5b5c1ec67d024cd7a26104e8310cf734",
    "shipment_id": "SHP1040",
    "sku": "PROD_C300",
    "timestamp": "2025-11-02T13:45:55.287295Z",
    "event_type": "In_Transit",
    "location": "Retail_Delhi",
    "carrier": "DTDC",
    "remarks": "All normal"
  },
  {
    "event_id": "dcdfa810342543d1b95c7faa177f8b9d",
    "shipment_id": "SHP1041",
    "sku": "PROD_C300",
    "timestamp": "2025-11-04T15:45:55.287314Z",
    "event_type": "Delivered",
    "location": "Port_NaviMumbai",
    "carrier": "Safexpress",
    "remarks": "Awaiting unloading at warehouse"
  },
  {
    "event_id": "1071029119094b25b7fb44454ed8498e",
    "shipment_id": "SHP1042",
    "sku": "PROD_A100",
    "timestamp": "2025-11-06T02:45:55.287328Z",
    "event_type": "Dispatched",
    "location": "Retail_Delhi",
    "carrier": "EcomExpress",
    "remarks": "All normal"
  },
  {
    "event_id": "818b4bcaa9e04f27b85d2f5e8001b62e",
    "shipment_id": "SHP1043",
    "sku": "PROD_B200",
    "timestamp": "2025-11-07T00:45:55.287346Z",
    "event_type": "Delayed",
    "location": "Port_NaviMumbai",
    "carrier": "DTDC",
    "remarks": "Driver shift delay"
  },
  {
    "event_id": "ddb7bcdb8aed4e18b6869163cddd721b",
    "shipment_id": "SHP1044",
    "sku": "PROD_A100",
    "timestamp": "2025-11-05T13:45:55.287373Z",
    "event_type": "In_Transit",
    "location": "WH_Bangalore",
    "carrier": "Safexpress",
    "remarks": "All normal"
  },
  {
    "event_id": "292de58225ad4e5aa311813347d73fc8",
    "shipment_id": "SHP1045",
    "sku": "PROD_C300",
    "timestamp": "2025-11-02T21:45:55.287410Z",
    "event_type": "Dispatched",
    "location": "DC_Mumbai",
    "carrier": "DTDC",
    "remarks": "Driver shift delay"
  },
  {
    "event_id": "3275cc48cbea4c459a4b655f900c3e85",
    "shipment_id": "SHP1046",
    "sku": "PROD_C300",
    "timestamp": "2025-11-07T00:45:55.287428Z",
    "event_type": "Delayed",
    "location": "WH_Bangalore",
    "carrier": "BlueDart",
    "remarks": "Driver shift delay"
  },
  {
    "event_id": "f41d95a30eae416f8fc98fbc58a5de64",
    "shipment_id": "SHP1047",
    "sku": "PROD_B200",
    "timestamp": "2025-11-05T02:45:55.287441Z",
    "event_type": "In_Transit",
    "location": "Retail_Delhi",
    "carrier": "Safexpress",
    "remarks": "Awaiting unloading at warehouse"
  },
  {
    "event_id": "92776471baa148c8bd2a198dc0106fe6",
    "shipment_id": "SHP1048",
    "sku": "PROD_C300",
    "timestamp": "2025-11-03T22:45:55.287455Z",
    "event_type": "Delivered",
    "location": "Factory_01",
    "carrier": "Safexpress",
    "remarks": "Driver shift delay"
  },
  {
    "event_id": "2306d468e5ac4dfc966fbcbc54ea361e",
    "shipment_id": "SHP1049",
    "sku": "PROD_A100",
    "timestamp": "2025-11-03T06:45:55.287476Z",
    "event_type": "Delayed",
    "location": "Retail_Delhi",
    "carrier": "DTDC",
    "remarks": "Awaiting unloading at warehouse"
  }
]