[
  {
    "timestamp": "2025-11-09T11:41:50.835708",
    "agent_name": "RCA_Agent",
    "faithfulness": 0.067,
    "context_precision": 0.611,
    "answer_relevancy": 0.601
  },
  {
    "timestamp": "2025-11-09T11:51:46.568583",
    "agent_name": "RCA_Agent",
    "faithfulness": 0.15,
    "context_precision": 0.778,
    "answer_relevancy": 0.591
  },
  {
    "timestamp": "2025-11-23T21:47:46.489407",
    "agent_name": "Impact_Agent",
    "faithfulness": 0.192,
    "context_precision": 0.0,
    "answer_relevancy": 0.0
  },
  {
    "timestamp": "2025-11-26T20:26:48.405788",
    "agent_name": "RCA_Agent",
    "faithfulness": 0.65,
    "context_precision": 0.7,
    "answer_relevancy": 0.68
  },
  {
    "timestamp": "2025-11-26T20:28:59.615686",
    "agent_name": "RCA_Agent",
    "faithfulness": 0.65,
    "context_precision": 0.7,
    "answer_relevancy": 0.68
  },
  {
    "timestamp": "2025-11-26T20:58:50.913297",
    "agent_name": "RCA_Agent",
    "faithfulness": 0.65,
    "context_precision": 0.7,
    "answer_relevancy": 0.68
  },
  {
    "timestamp": "2025-11-30T12:43:55.900249",
    "agent_name": "RCA_Agent",
    "faithfulness": 0.139,
    "context_precision": 0.65,
    "answer_relevancy": 0.486
  },
  {
    "timestamp": "2025-12-02T21:41:30.013668",
    "agent_name": "Impact_Agent",
    "faithfulness": 0.65,
    "context_precision": 0.7,
    "answer_relevancy": 0.68
  }
]